,author,statement,source,date,target
0,Tom Kertscher,“NASA stopped exploring the ocean.”,Instagram posts,"January 30, 2023",pants-fire
1,Maria Ramirez,“The White House is now attempting to ban all gas ovens and burners.”,Sean Hannity,"• January 12,",false
2,Andy Nguyen,"Large machinery is “required to move 500,000 pounds of earth in order to get the minerals needed for one single Tesla car battery.”",Instagram posts,"December 13, 2022",false
3,Faithlyn Graham,West Virginia is poised to “receive $25M for 160 orphaned well clean-up projects across the state.”,Joe Manchin,"November 10, 2022",true
4,Kristin Hugo,“There are no greenhouse gas emissions in this photo” of cows grazing.,Instagram posts,"November 7, 2022",false
5,Kristin Hugo,"For climate change environmentalists, “not a single one of their predictions ever come true.”",Charlie Kirk,"October 25, 2022",false
6,Jessica Riley,"“More than half of the $739 billion tax increase (in the Inflation Reduction Act) will go to wasteful Green New Deal programs like tree equity, 'clean' garbage trucks, and studying cow farts.""",Citizens Against Government Waste,"October 25, 2022",barely-true
7,Kristin Hugo,"""In Germany, millions of solar panels are blanketed in snow and 30,000 wind turbines are sitting idle because there’s no wind.”",Instagram posts,"October 12, 2022",false
8,Louis Jacobson,“Tim Ryan when he ran for president two years ago … supported banning fracking both on public lands and generally speaking.”,J.D. Vance,"October 11, 2022",half-true
9,Yacob Reyes,"U.S. Sen. Marco Rubio ""has denied climate change.""",Val Demings,"October 11, 2022",half-true
10,Yacob Reyes,"Lee County, Florida, wasn't ""even in the cone"" of Hurricane Ian 72 hours before landfall.",Ron DeSantis,"October 4, 2022",barely-true
11,Yacob Reyes,"""The true meaning of Hurricane,"" or Her-ricane, is the spirit of ""the African woman who has been stolen.""",Facebook posts,"September 29, 2022",false
12,Gabrielle Settles,“All weather is artificially controlled.”,Instagram posts,"September 29, 2022",pants-fire
13,D.L. Davis,"""Democrats' radical green energy policies caused record gas prices. """,Ron Johnson,"September 16, 2022",barely-true
14,Michael Majchrowicz,"""Russia is becoming the first country to break ties with the Antarctic Treaty.""",Instagram posts,"September 14, 2022",pants-fire
15,Tori Gantz,"Joe Biden and Raphael Warnock ""are spending $1.5 billion on ‘urban forestry’ and raising taxes on those making under $200k to pay for it.”",Herschel Walker,"September 1, 2022",half-true
16,Michael Majchrowicz,"""Water-fueled car can travel from LA to NY on 22 gallons.""",Instagram posts,"August 31, 2022",false
17,Michael Majchrowicz,"Another continent may exist beneath Antarctica, which is also home to homicidal sea creature of unknown origin",Facebook posts,"August 30, 2022",pants-fire
18,Yacob Reyes,"""We also know (the Sierra Club) paid for those reporters"" at the Palm Beach Post.",Nikki Fried,"August 19, 2022",pants-fire
19,Laura Schulte,Says Republican U.S. Sen. Ron Johnson “called climate change ‘bull----’ during a record heatwave” and “raked in over $700k in fossil fuel cash.”,League of Conservation Voters,"August 19, 2022",true
20,Andy Nguyen,"""Bill Gates and AOC say that a cow emits more pollution than a car.""",Facebook posts,"August 15, 2022",false
21,Andy Nguyen,Electric cars in California are not sustainable as only 10% of their batteries are recyclable and the state can’t recycle them.,Instagram posts,"August 11, 2022",false
22,Kelly Smits,“We have more oil and gas permits than ever before right now.”,Mandela Barnes,"August 9, 2022",mostly-true
23,Yacob Reyes,"You can't pour water on flames from an electric car battery because “water makes lithium burn.""",Facebook posts,"July 29, 2022",false
24,Andy Nguyen,"""Plankton in the Atlantic Ocean is 90% gone.""",Instagram posts,"July 27, 2022",false
25,Ellie Borst,"""If every person on earth just recycled, stopped using plastic straws, and drove an electric car, 100 corporations would still produce 70% of total global emissions.""",Instagram posts,"July 22, 2022",false
26,Madison Czopek,Images of Plymouth Rock prove sea levels are not rising.,Facebook posts,"July 20, 2022",false
27,Madison Czopek,"“Drought is a lie” designed to limit farming, reduce the food supply and ultimately control Americans.",Facebook posts,"July 19, 2022",pants-fire
28,Samantha Putterman,Studies show plastics can help combat climate change.,Facebook posts,"May 26, 2022",half-true
29,Madison Czopek,The U.S. government’s inaction over buffalo killing that harmed Native American populations in the 1800s shows it is now “is creating food shortages” so that Americans are more “dependent on the government.”,Facebook posts,"May 19, 2022",false
30,Warren Fiske,“CO2 is not a pollutant.”,Suburban Virginia Republican Coalition,"May 12, 2022",false
31,Monique Curet,"Says photo shows ""one of Tesla's lithium supply mines where entire mountains are eliminated.""",Facebook posts,"May 11, 2022",false
32,Elizabeth Egan,“New York state has already lost 99% of its historic freshwater wetlands.”,Sean Ryan,"March 29, 2022",barely-true
33,Louis Jacobson,"“As soon as Biden took office, he eliminated all subsidies for fossil fuels.”",Bill O'Reilly,"March 17, 2022",barely-true
34,D.L. Davis,"Says President Joe Biden ""is trying to send taxpayer dollars to manufacturers overseas that do not abide by the same (carbon emission) standards we do at home.""",Glenn Grothman,"March 11, 2022",half-true
35,D.L. Davis,"""The US has made strides in reducing carbon emissions that other parts of the world have not.""",Glenn Grothman,"March 11, 2022",true
36,Monique Curet,"""Bill Gates hatches 'horribly stupid' plan to block out the sun""",Facebook posts,"February 25, 2022",false
37,Monique Curet,"""Since 2000, the Department of Defense and the Department of Energy have been spraying the entire United States sky with the toxic brew of chemicals and other biologic agents.""",Facebook posts,"February 2, 2022",pants-fire
38,Gabrielle Settles,Images show how climate change destroyed the Greenland ice sheet and harmed a polar bear from 2009 to 2019.,Facebook posts,"January 19, 2022",false
39,Jeff Cercone,Electric vehicles would not have fared well in the Virginia snowstorm traffic jam.,Facebook posts,"January 7, 2022",false
40,Gabrielle Settles,"""Polar bears have increased 400% in 45 years; whales are nearly fully recovered; extinctions are down 90% past century. Koalas are doing fine. If we could ban wind turbines we could save 85,000 birds of prey/yr in US alone.""",Facebook posts,"December 23, 2021",false
41,Duncan Slade,"The United States had 589 coal-fired plants 10 years ago, and “we're down to 504. … We are the only nation that has reduced our reliance (on) coal energy.""",Joe Manchin,"December 10, 2021",half-true
42,Monique Curet,Electric vehicles are more likely to fail in traffic jams.,Facebook posts,"December 9, 2021",false
43,Becca Schimmel,A chart shows China and India are leading in per capita carbon dioxide emissions.,Facebook posts,"December 2, 2021",half-true
44,Laura Schulte,"“Within two years, there were two 500-year (storm) events” in Wisconsin.",Tammy Baldwin,"November 30, 2021",mostly-true
45,Becca Schimmel,Keystone Pipeline was blocked by Obama on Warren Buffett’s behalf.,Facebook posts,"November 18, 2021",false
46,Gabrielle Settles,"""Bill Gates talked about using vaccines to control population growth” in an “unedited 2010 TED Talk video""",Bloggers,"October 11, 2021",false
47,Louis Jacobson,"“Were you aware the $3.5 Trillion Human Infrastructure package includes an animal agriculture tax of $2,600‼️ per head of cattle? $500 for swine!!!""",Facebook posts,"October 8, 2021",false
48,Jason Asenso,"“FDA approval means nothing when you realize the FDA also approves pesticides in our food!""",Facebook posts,"August 27, 2021",barely-true
49,Laura Schulte,"“A farm with 2,500 dairy cattle is similar in waste load to a city of 411,000 people.”",Jill Karofsky,"July 20, 2021",false
50,Andy Nguyen,"Photo shows an electric car charging station that uses ""12 gallons of diesel fuel per hour, and it takes three hours to fully charge a car to get 200 miles. That's 36 gallons for 200 miles. 5.6 mpg.""",Facebook posts,"July 19, 2021",false
51,Kiannah Sepeda-Miller,“Prairie State power plant is the cleanest coal-fired power plant in the nation.”,Rodney Davis,"June 27, 2021",pants-fire
52,Jon Greenberg,The Biden administration “ignores the negative environmental impact created by lithium mining.”,Chuck Grassley,"June 9, 2021",false
53,Tom Kertscher,Says a photo shows a “lithium mine for hybrid cars.”,Facebook posts,"May 26, 2021",false
54,Tom Kertscher,Says photos show a “boneyard” of electric cars abandoned in France because the cars’ batteries were too expensive to replace.,Facebook posts,"May 17, 2021",false
55,Andy Nguyen,"""Manufacturing the battery for one electric car produces the same amount of carbon dioxide as running a petrol car for eight years.""",Viral image,"May 11, 2021",barely-true
56,Jon Greenberg,"With the goal to preserve 30% of the earth’s land and water by 2030, “300 million people stand to lose their land and livelihood, most of them tribal and indigenous peoples.”",Survival International,"May 7, 2021",barely-true
57,Warren Fiske,"The Green New Deal “costs an average American household almost $700,000 through 2029.”",Ben Cline,"May 5, 2021",false
58,Bill McCarthy,"""Biden's climate requirements"" will ""cut 90% of red meat from diet"" to a ""max 4 lbs per year"" and ""one burger per month.""",Fox News Channel,"April 26, 2021",pants-fire
59,Tom Kertscher,Two photos show climate change “is a hoax.”,Facebook posts,"April 21, 2021",false
60,Michael Majchrowicz,Image of expansive pit shows a lithium mine.,Viral image,"March 31, 2021",false
61,Nusaiba Mizan,"The shutdown of the Keystone Pipeline project will mean “nearly 2,000 (union jobs lost) with Wisconsin companies”",Ron Johnson,"February 26, 2021",mostly-true
62,Laura Schulte,"“Nobody’s health is at risk right now” from PFAS contamination, as long as they are receiving bottled drinking water",Scott Manley,"February 19, 2021",false
63,Brandon Mulder,Says that Hurricane Harvey “dropped more water on Houston in five days than goes over Niagara Falls in a year.”,John Kerry,"February 5, 2021",false
64,D.L. Davis,"""In 2019, Republicans stripped $40 million from the budget for lead pipe replacement - because they thought it helped MKE too much.""",Chris Larson,"December 3, 2020",mostly-true
65,Morgan Akers,"“West Virginia is near last in the U.S.” rankings of education, clean drinking water, and child mortality.",Paula Jean Swearengin,"November 6, 2020",mostly-true
66,Monique Curet,“The Green New Deal would require that 99% of homes in the country be torn down and rebuilt more ‘energy efficient’ over a ten year period.”,Instagram posts,"November 1, 2020",false
67,Amy Sherman,"“With regard to hurricanes, the National Oceanic (and Atmospheric) Administration tells us that actually, as difficult as they are, there are no more hurricanes today than there were 100 years ago.”",Mike Pence,"October 14, 2020",half-true
68,Bill McCarthy,Video from 2019 shows Kamala Harris “caught in a major lie” about fracking during the 2020 vice presidential debate.,Bloggers,"October 12, 2020",barely-true
69,Hayat Norimine,"Says Joe Biden’s website shows that he supports the Green New Deal, despite denials in debate.",TikTok posts,"October 8, 2020",half-true
70,Samantha Putterman,The man in a mugshot is “responsible for lighting 32 of the wildfires” on the West Coast.,Facebook posts,"September 21, 2020",false
71,Noah Y.,"“Here is the fire drone video that Twitter, Google, and YouTube didn't want us to see.”",Tweets,"• September 16,",false
72,Ciara O'Rourke,Map shows that wildfires stop at the US.-Canada border.,Viral image,"September 15, 2020",false
73,Noah Y.,"West Coast wildfires are due to “bad forest maintenance,” not climate change.",Facebook posts,"• September 15,",false
74,Noah Y.,Anti-poaching organizations dye elephant tusks and rhino horns with “the same pink dye that is used to mark stolen banknotes.”,Facebook posts,"• September 11,",false
75,Tom Kertscher,"Says Rep. Alexandria Ocasio-Cortez and Eugene DePasquale support ""socialized medicine,"" the Green New Deal and defunding the police.",Scott Perry,"September 10, 2020",false
76,Patrick Orsagos,The United Nations’ “new world order” agenda will create one world government with one world military and the end of national sovereignty.,Viral image,"July 24, 2020",false
77,Sophie Austin,"Says Joe Biden plans to “mandate net-zero carbon emissions for homes, offices and all new buildings by 2030. That basically means no windows, no nothing.”",Donald Trump,"July 17, 2020",false
78,Clara Hendrickson,"“Even so-called moderate Democrats like Joe Biden have endorsed a ban on fracking, which would eliminate 516,000 Michigan jobs and reduce the state’s gross domestic product by $159 billion over five years.”",Paul Junge,"June 19, 2020",barely-true
79,Laura Schulte,Says Donald Trump has opposed plans to clean up “Toxic chemicals that cause cancer (that) are in the water …. (and) put Wisconsin at risk.”,League of Conservation Voters,"June 12, 2020",half-true
80,Bill McCarthy,"""Bill Gates worked to end livestock production, and is pushing lab grown meat.""",Facebook posts,"May 18, 2020",half-true
81,Amy Sherman,"“Beachgoers trash Florida beaches with 13,000 pounds of litter after beaches reopen.”",Facebook posts,"May 18, 2020",mostly-true
82,Miriam Valverde,“Even President Trump’s own EPA has admitted that this rule (on air pollutants) threatens to cause serious health problems including brain damage and death and to inflict billions of dollars of economic damage on our struggling economy.”,Nancy Pelosi,"April 23, 2020",half-true
83,Tom Kertscher,Says to leave objects in the sun to avoid contracting the coronavirus.,Facebook posts,"March 27, 2020",false
84,Louis Jacobson,Says Nancy Pelosi’s coronavirus bill includes “tax credits for solar and wind energy … retirement plans for community newspaper employees … $300 million for PBS … climate change studies” and more.,Donald Trump,"March 24, 2020",mostly-true
85,Tom Kertscher,Says Joe Biden “just announced on CNN he will completely shut down drilling for oil and natural gas on day one of his administration.”,Facebook posts,"March 20, 2020",barely-true
86,Tom Kertscher,“Sen. Bernie Sanders led the effort to dump Vermont's nuclear waste on a poor Latino community in Texas.”,Facebook posts,"March 13, 2020",half-true
87,Louis Jacobson,"On key issues including taxes, health care, the Green New Deal, abortion, and guns, there is “no daylight between” Bernie Sanders and Joe Biden.",Republican National Committee,"March 10, 2020",half-true
88,Louis Jacobson,"Says Bernie Sanders would “go beyond reform and reorder the economy in ways most Democrats — let alone most Americans — don’t support.""",Pete Buttigieg,"February 25, 2020",barely-true
89,Warren Fiske,“America’s carbon emissions are being reduced at a rate far higher than any country in the world.”,Todd Gilbert,"February 24, 2020",false
90,Kiannah Sepeda-Miller,"“We’ve also seen in the time that he’s (Donald Trump) been president, an increase in carbon emissions going absolutely in the wrong way.”",Jan Schakowsky,"February 16, 2020",mostly-true
91,Nusaiba Mizan,"“Over the past two years, climate and weather disaster damage has cost the U.S. over $400 billion.”",Tammy Baldwin,"February 5, 2020",mostly-true
92,Emily Venezky,The typical anglerfish is seven feet long.,Viral image,"January 24, 2020",pants-fire
93,Rylee Wilson,"""The Machinists Union does not (support the USMCA trade deal). And every environmental organization in this country (also) opposes it.""",Bernie Sanders,"January 22, 2020",mostly-true
94,Louis Jacobson,"""FACT: Less than 1% of the trash in the ocean is from the United States.""",Young America's Foundation,"January 15, 2020",half-true
95,Amy Sherman,"""That’s 5,615 projected coal-powered plants in just 8 countries. The USA has 15 - building 0 more.""",Facebook posts,"January 13, 2020",false
96,Samantha Putterman,An image shows animals burning in the Australia wildfires,Viral image,"January 6, 2020",barely-true
97,Amy Sherman,"""China produces 90% of the world’s carbon emissions pollution.""",Facebook posts,"January 2, 2020",false
98,Bill McCarthy,"Says the Potomac River ""has gotten dirtier and dirtier and dirtier and dirtier. I go down there and that litter is left almost exclusively by immigrants.""",Tucker Carlson,"December 18, 2019",pants-fire
99,Chris Nichols,"""In Bakersfield, where there’s a lot of oil drilling going on, there’s more solar jobs now in Bakersfield and around that area than there are oil jobs.""",Arnold Schwarzenegger,"December 6, 2019",false
100,Minh Do,"China today is ""burning seven to eight times the amount of coal that we’re burning in the United States.""",Jim Justice,"December 4, 2019",mostly-true
101,Madison Czopek,"""14,000 abandoned wind turbines litter the United States.""",Chain email,"October 25, 2019",pants-fire
102,Glenn Kittle,"""A study shows that households neighboring West Virginia could be on the hook for upwards of $70,000 in the first year alone under the Green New Deal!""",Shelley Moore Capito,"October 8, 2019",barely-true
103,Amy Sherman,"The Green New Deal ""would put a $600,000 tax burden on every household.""",Republican Party of Florida,"September 27, 2019",false
104,Chris Nichols,"""Every time we go to court,"" against the Trump administration, ""for the most part, we win.""",Xavier Becerra,"September 25, 2019",mostly-true
105,Daniel Funke,"Says aquatic life near Alaska, Canada and Australia have been found with cancer and mutations as a result of the Fukushima nuclear disaster.",Facebook posts,"September 11, 2019",barely-true
106,Chris Nichols,"Says she ""sued Exxon Mobil"" as California attorney general.",Kamala Harris,"September 6, 2019",false
107,John Kruzel,"The Green New Deal ""would do away with commercial air travel.""",Andrew Yang,"September 6, 2019",false
108,Ciara O'Rourke,"""When two large whales do the nasty there’s sometimes this one bro who just sort of holds them up so they don’t float off.""",Viral image,"September 6, 2019",false
109,Ciara O'Rourke,"Says Alexandria Ocasio-Cortez tweeted, ""I see people are rushing out to fill up their cars for this hurricane at the gas station. This wouldn’t be an issue if they had electric cars. If the power is out for a week how are they going to get gas? We need to start planning ahead and moving forward.""",Viral image,"September 6, 2019",false
110,John Kruzel,"The Amazon rainforest fires are ""directly related to trade"" tensions between the United States and China.",John Delaney,"September 6, 2019",false
111,Madlin Mekelburg,"""The U.S. now leads the world in producing both oil and natural gas, and at the same time reducing energy-related emissions.""",Rick Perry,"August 27, 2019",half-true
112,Louis Jacobson,"""Trump is as destructive a person in this century as Hitler, Stalin, and Mao were in the last century. He may be responsible for many more million deaths than they were.""",Allen Frances,"August 26, 2019",pants-fire
113,Stefanie Pousoulides,"""Triggering leftists, Trump's reelection campaign is selling plastic straws.""",Bloggers,"July 23, 2019",true
114,Mica Soellner,"Republicans on the budget-writing committee ""did nothing"" to address oversight of
large-scale farms, ""as literal manure is coming out of people’s faucets.",Jimmy Anderson,"June 11, 2019",half-true
115,Elizabeth Gribkoff,"They understand the importance (of medical monitoring). It’s clear, though, that they want to do it in a way that is consistent with other states and S.37 just isn’t.",Heidi Scheuermann,"May 24, 2019",half-true
116,Samantha Putterman,"Says a photo of a park covered in trash was left behind by ""environmentalists"" after an Earth Day celebration in California.",Viral image,"May 21, 2019",false
117,Samantha Putterman,"Says a deer became ""riddled with tumors from eating plants sprayed with Monsanto’s Roundup.""",Viral image,"May 17, 2019",false
118,Shefali Luthra,"""We now have longitudinal data that shows that children born around Superfund sites have dramatically higher rates of birth defects, dramatically higher rates of autism.""",Cory Booker,"May 1, 2019",mostly-true
119,Kennedy Simone,"""All the ponds in Missouri for which we have data are causing groundwater contamination. … This is a statewide issue.""",Maxine Lipeles,"April 26, 2019",true
120,Ciara O'Rourke,A PETA activist was taped to a tree after protesting a biker rally.,Viral image,"April 22, 2019",pants-fire
121,Samantha Putterman,"Quotes Thomas Homer-Dixon as saying a windmill will ""never generate as much energy as was invested building it.""",Facebook posts,"April 12, 2019",false
122,Ciara O'Rourke,"""The day Al Gore was born, there were 130,000 glaciers on earth. Today, only 130,000 remain.""",Viral image,"April 2, 2019",false
123,Ciara O'Rourke,"Bluegill fish ""are responsible for over 500 deaths in the United States every summer.""",Viral image,"April 1, 2019",pants-fire
124,Colin Meyn,"""It is a carbon tax whether it is convenient to say it or not.""",Scott Beck,"March 29, 2019",barely-true
125,Ciara O'Rourke,"""President Trump signed legislation to clean up millions of tons of trash from our oceans and lakes last week.""",Viral image,"March 27, 2019",false
126,John Kruzel,"""We have flown a Boeing 737 across the Atlantic Ocean on biofuels. We have flown F-18s.""",Jay Inslee,"March 21, 2019",mostly-true
127,Jon Greenberg,"""Seismic airgun blasting (used for energy exploration) is ... 16,000 times louder than"" a conventional airhorn.",Joe Cunningham,"March 15, 2019",mostly-true
128,Tom Kertscher,"""At $93 trillion, the Green New Deal would cost more than the entire recorded spending of the U.S. since the Constitution went into effect in 1789.""",Joni Ernst,"March 12, 2019",false
129,Tom Kertscher,"""The forest fires were so grotesque last year that we had the worst air in the world in Washington.""",Jay Inslee,"March 8, 2019",mostly-true
130,Amy Sherman,"The Democrats’ Green New Deal includes ""working towards ending air travel.""",Rick Scott,"February 28, 2019",false
131,Ciara O'Rourke,"Says Hillary Clinton said, ""This planet might be able to support perhaps as many as half of a billion people who could live a sustainable life in relative comfort. Human populations must be greatly diminished, and as quickly as possible to limit further environmental damage.""",Viral image,"February 26, 2019",pants-fire
132,Warren Fiske,"""Our country has succeeded in reducing greenhouse emissions in previous years.""",Morgan Griffith,"February 26, 2019",half-true
133,Chris Nichols,"""More than a million Californians"" do not have ""clean water to bathe in or drink.""",Gavin Newsom,"February 14, 2019",true
134,Ciara O'Rourke,"Trump signed a bill ""to clean millions of tons of garbage from world’s oceans.""",Bloggers,"February 11, 2019",half-true
135,Chris Nichols,"California’s deadly wildfires ""would never happen"" with ""proper Forest Management.""",Donald Trump,"January 9, 2019",false
136,John Kruzel,"""We need to also recognize that we just had two of the coldest years, biggest drop in global temperatures that we have had since the 1980s, the biggest in the last 100 years. We don't talk about that.""",Danielle Pletka,"November 28, 2018",false
137,Chris Nichols,"""There is no reason for these massive, deadly and costly forest fires in California except that forest management is so poor.""",Donald Trump,"November 12, 2018",false
138,Joseph Kennedy,"Says Joe Manchin ""supported Obama and Clinton's campaigns to kill coal jobs.""",Patrick Morrisey,"November 5, 2018",false
139,Miriam Valverde,"""Intensifying Hurricane Willa headed directly toward 10,000 migrant caravan path.""",Bloggers,"October 23, 2018",false
140,W. Gardner,"Says 60 percent of Austin’s ""waterways are found to be contaminated with fecal matter and deemed unsafe to swim.""",Alexander Strenger,"• October 16,",half-true
141,Anja Martin,"Says he ""beat (President Barack) Obama at the Supreme Court, saving coal jobs.""",Patrick Morrisey,"September 20, 2018",mostly-true
142,Jamie Green,"""According to SCUBA divers, Summersville Lake is the clearest freshwater lake east of the Mississippi River.""",Jim Justice,"September 13, 2018",barely-true
143,Chris Nichols,"Studies are showing California’s wildfires ""are producing more emissions than all of our cars are doing.""",Kevin McCarthy,"August 29, 2018",half-true
144,Manuela Tobias,"""I want clean air. I want crystal clean water. And we’ve got it. We’ve got the cleanest country in the planet right now.""",Donald Trump,"August 23, 2018",barely-true
145,Amy Sherman,"""Gwen Graham owns a $14 million stake in her family’s company that’s behind the American Dream Mall. ... While Graham and her family will make millions, Florida will be stuck with poverty wage jobs, endangered wildlife and massive traffic congestion.""",Unite Here Florida PAC,"August 22, 2018",half-true
146,Lucia Geng,"Says Rick Scott ""cut $700 million from water management.""",Florida Democratic Party,"August 14, 2018",mostly-true
147,Chris Nichols,"""California wildfires are being magnified & made so much worse by the bad environmental laws which aren’t allowing massive amount of readily available water to be properly utilized. It is being diverted into the Pacific Ocean.""",Donald Trump,"August 6, 2018",false
148,D.L. Davis,On whether he would seek to undo the Foxconn deal.,Matt Flynn,"August 2, 2018",full-flop
149,Amy Sherman,"""When a sinkhole began dumping toxic water in Florida's aquifer, Rick Scott tried to cover it up.""",Gwen Graham,"August 1, 2018",barely-true
150,Paul Specht,"The Black River’s water quality is ""rated at the very top in North Carolina.""",Steve Troxler,"August 1, 2018",half-true
151,Ahmed Elbenni,"Says Foxconn ""is under investigation in mainland China for securities fraud, environmental fraud and labor fraud.""",Matt Flynn,"July 31, 2018",barely-true
152,Anna Groves,"Says ""political interference"" from Scott Walker’s administration has led to ""gagging (DNR) scientists so they can no longer comment on proposed legislation"" and ""we’re letting polluters write their own permits.""",Kelda Helen Roys,"July 27, 2018",barely-true
153,Allison Graves,"Says Adam Putnam ""backed a water bill that gutted water quality regulations.""",Democratic Governors Association,"July 18, 2018",half-true
154,D.L. Davis,"""Foxconn will not face oversight from any federal, state, or local agency to guarantee it complies with our wetlands protection laws.""",Matt Flynn,"July 11, 2018",barely-true
155,Allison Graves,"Says he ""actually wrote the bipartisan law that makes it illegal to drill off Florida’s coast.""",Bill Nelson,"June 29, 2018",mostly-true
156,Louis Jacobson,"""The science is clear, under President Trump greenhouse gas emissions are down.""",Environmental Protection Agency,"June 18, 2018",half-true
157,W. Gardner,"Says most of Austin’s biggest parks have recycling though as ""many as 293 out of 300"" Austin city ""parks have no recycling, including almost every neighborhood park.""",Texas Campaign for the Environment,"• June 8,",true
158,Bill McCarthy,"""New law (in California) makes it illegal to shower and do laundry on same day""",Bloggers,"June 7, 2018",false
159,Louis Jacobson,"""You’re going to have an increase in the amount of ice in Antarctica because of global warming.""",Mo Brooks,"May 21, 2018",barely-true
160,Jon Greenberg,"Says Dean Heller ""has voted for a GOP bill that funded efforts to revive Yucca Mountain.""",Jacky Rosen,"May 14, 2018",barely-true
161,Louis Jacobson,"""Flint still doesn’t have clean water.""",Michelle Wolf,"May 1, 2018",half-true
162,Allison Graves,"Says Florida Gov. Rick Scott ""just signed a bill that could make most of Florida’s beaches private.""",For Our Future Florida,"April 26, 2018",barely-true
163,Louis Jacobson,"""I’ve cut a half a billion (dollars) out of the EPA just in the last two years. We’ve cut 3,000 jobs out of the EPA.""",Evan Jenkins,"April 26, 2018",mostly-true
164,Manuela Tobias,"Says Scott Pruitt’s security spending was ""somewhat more"" than his predecessor.",Donald Trump,"April 10, 2018",barely-true
165,Paul Specht,"NC Republicans ""raided $58 million that was supposed to help create jobs for North Carolinians.""",North Carolina Democratic Party,"March 27, 2018",half-true
166,Louis Jacobson,"A Trump administration proposal for the Interior Department ""is the largest investment in our public lands infrastructure in our nation's history.""",Ryan Zinke,"March 19, 2018",false
167,Louis Jacobson,"""No state generates as much solar power as California, or has as many people whose jobs depend on it.""",Kamala Harris,"January 25, 2018",mostly-true
168,Brett Chase,"""The Legionella bacteria is in most water systems in Illinois.""",Bruce Rauner,"January 16, 2018",half-true
169,Allison Graves,"""In Congress, @RonDeSantisFL was the DECIDING vote AGAINST our state's right to protect Florida waters from drilling.""",Gwen Graham,"January 12, 2018",half-true
170,Amy Sherman,On expanding offshore oil drilling,Rick Scott,"January 10, 2018",full-flop
171,Manuela Tobias,"Says Evan ""Jenkins has the same positions on the issues as Joe Manchin: supporting Hillary (Clinton), supporting cap-and-trade, supporting Planned Parenthood, many tax increases.""",Patrick Morrisey,"November 6, 2017",barely-true
172,Allison Graves,"""Under his leadership, Tallahassee reduced its carbon intensity by roughly 40 percent.""",Andrew Gillum,"October 12, 2017",false
173,Allison Graves,"Florida’s coastal and stormwater infrastructure are ""two of the most critical areas during a storm, and received D-plus and D ratings, respectively, by the American Society of Civil Engineers in 2016.""",Gwen Graham,"September 25, 2017",true
174,Paul Specht,"North Carolina is home to ""two rivers of the top five most polluted rivers"" in the U.S.",Billy Richardson,"September 20, 2017",false
175,Miriam Valverde,"""Muslims’ disturbing plan comes out after grocery stores go bare to prepare for Irma.""",Freedom Daily,"September 12, 2017",barely-true
176,Manuela Tobias,"""Computer models show Irma destroying New York City on Sept. 10.""",Bloggers,"September 7, 2017",pants-fire
177,Miriam Valverde,"The Clinton Foundation is sending water to Houston ""for $7 a bottle.""",OurLandOfTheFree.com,"September 6, 2017",pants-fire
178,Louis Jacobson,"""Hurricane Irma could be a Category 6 by the time it hits East Coast.""",Bloggers,"September 6, 2017",pants-fire
179,Manuela Tobias,"Says Manny Pacquiao, Usain Bolt and Princes William and Harry have donated tens of millions of dollars to Hurricane Harvey victims.",Bloggers,"September 1, 2017",pants-fire
180,Amy Sherman,"Says Marco Rubio took ""three quarters of a million dollars from fossil fuel executives"" during the 2016 Senate election.",Marco Rubio's heckler,"August 29, 2017",half-true
181,Manuela Tobias,"""Obama is in Texas serving meals!""",Bloggers,"August 28, 2017",pants-fire
182,Nick Reid,"California and New York are ""the two biggest polluting states in the country.""",Chris Sununu,"July 28, 2017",barely-true
183,Chris Nichols,"""While California’s population has doubled since the 1970s, we haven’t completed a single major (water) storage project in that time.""",Kevin McCarthy,"July 18, 2017",half-true
184,John Kruzel,"""Most likely the primary control knob (for the earth’s temperature) is the ocean waters and this environment that we live in.""",Rick Perry,"June 22, 2017",false
185,Amy Sherman,"""Every single year that there's an increase (in temperature) it's within the margin of error -- meaning it isn't increasing.""",Greg Gutfeld,"June 9, 2017",pants-fire
186,Tom Kertscher,"""The Earth is 6,000 years old, that’s a fact.""",Jesse Kremer,"June 8, 2017",false
187,Amy Sherman,"""70 percent of Florida is in drought today.""",Al Gore,"June 5, 2017",mostly-true
188,Louis Jacobson,"""Since the fourth quarter of last year until most recently, we've added almost 50,000 jobs in the coal sector. In the month of May alone, almost 7,000 jobs.""",Scott Pruitt,"June 5, 2017",barely-true
189,Chris Nichols,"California Gov. Jerry Brown’s budget ""cuts funds for local tree mortality efforts from $52.7 million to just $2 million.""",Jim Patterson,"May 25, 2017",barely-true
190,Louis Jacobson,"The federal tax code includes ""deductions for birds flying across America.""",Donald Trump,"May 15, 2017",true
191,Louis Jacobson,"""More than 260,000 Americans are employed by the domestic solar industry — three times as many workers as employed by the entire coal mining industry.""",Brad Schneider,"April 25, 2017",mostly-true
192,Amy Sherman,"""Trump looking to open up E Coast & new areas for offshore oil drilling when Congress has passed no new safety standards since BP""",Edward Markey,"April 21, 2017",true
193,Jon Greenberg,"""I've won awards on environmental protection.""",Donald Trump,"April 6, 2017",half-true
194,Louis Jacobson,"""The EPA director under Obama said the Clean Power Initiative would have no effect on man-made CO2 emissions. That's what she said. Go look it up.""",Rick Santorum,"April 6, 2017",false
195,W. Gardner,"""There’s not one public study, and by public study I mean a study available to the public, that has looked at using the product Kaput to poison feral hogs.""",Will Herring,"• March 16,",mostly-true
196,Louis Jacobson,"""It's important to pay attention to the Russian spy drama, but let's not ignore the fact that the following (10) bills have been introduced"" in the House.",Social Media,"March 7, 2017",mostly-true
197,Gabrielle Healy,"""We've repealed regulations for the first time in 20 years using the Congressional Review Act -- three regulations that were going to cost the economy hundreds of millions of dollars and tens of thousands of jobs.""",Rand Paul,"March 2, 2017",half-true
198,Lauren Carroll,"""I would imagine that there's probably a gun in the school (in Wapiti, Wyo.) to protect from potential grizzlies.""",Betsy DeVos,"January 18, 2017",false
199,Linda Qiu,"Says Rex Tillerson ""sued to keep a fracking project out of his backyard.""",Food & Water Watch,"December 14, 2016",mostly-true
200,W. Gardner,"Says that when San Francisco banned plastic grocery bags, ""you saw the number of instances of people going to the ER with things like salmonella and other related illnesses"" spike.",James Quintero,"• November 23,",barely-true
201,Amy Sherman,"Says Donald Trump said he intends ""to open up additional areas off the coast to oil drilling"" during the campaign.",Bill Nelson,"November 22, 2016",mostly-true
202,Cara Lombardo,"Says U.S. Sen. Ron Johnson ""doesn't even believe that there's a man-made role in climate change.""",Russ Feingold,"October 31, 2016",mostly-true
203,Lauren Carroll,"""We are now, for the first time ever, energy independent.""",Hillary Clinton,"October 11, 2016",false
204,Jon Greenberg,"Says ""Hillary Clinton set aside environmental and labor rules to help a South Korean company with a record of violating workers’ rights set up what amounts to a sweatshop in Haiti.""",Donald Trump,"October 11, 2016",barely-true
205,Nadia Pflaum,"Says ""Rob Portman voted for the bipartisan bill to affirm climate change is real, humans significantly contribute to it and it needs to be addressed.""",ClearPath Action Fund,"October 10, 2016",barely-true
206,Allison Graves,"Says she ""voted for a statewide fracking ban.""",Dana Young,"October 5, 2016",half-true
207,Chris Nichols,"""Not one penny of (California’s Prop 67) bag ban tax goes to the environment.""",No on 67,"October 3, 2016",half-true
208,Dan Clark,"""No fracking waste is being dumped in New York State""",Basil Seggos,"September 30, 2016",false
209,Amy Sherman,"Says Miami Congressman Carlos ""Curbelo supports drilling offshore"" and ""repeatedly voted against President Obama's ability to fight pollution and combat climate change.""",Democratic Congressional Campaign Committee,"September 29, 2016",barely-true
210,Lauren Carroll,"""I did not — I did not — I do not say that. I do not say that"" climate change is a hoax perpetrated by the Chinese.",Donald Trump,"September 26, 2016",barely-true
211,C. Eugene,"Says Hillary Clinton and Tim Kaine ""want to shut down shale, and shut down natural gas.""",Donald Trump,Jr. • September,half-true
212,Joshua Gillin,"Says ""Patrick Murphy’s ‘Pay More’ energy agenda means you could pay another $500 a year for your utility bills!""",Americans for Prosperity: Florida,"September 20, 2016",barely-true
213,Will Doran,"North Carolina’s coast ""is possibly the best place in (the) U.S. for an offshore windfarm.""",Duane Hall,"September 9, 2016",mostly-true
214,Tom Kertscher,"""The climate hasn't warmed in quite a few years. That is proven scientifically.""",Ron Johnson,"August 12, 2016",false
215,Louis Jacobson,"""The Obama-Clinton war on coal has cost Michigan over 50,000 jobs.""",Donald Trump,"August 9, 2016",false
216,Joshua Gillin,"""The mosquito population in South Florida is larger than it is in many other communities in the country.""",Josh Earnest,"August 5, 2016",true
217,Amy Sherman,"Says Debbie Wasserman Schultz ""has voted for huge subsidies for the sugar industry ... as well as for delays in cleanups.""",Tim Canova,"July 25, 2016",mostly-true
218,Riley Snyder,"""(Koch Industries) is among the worst in toxic air pollution in the entire United States ... and churns out more climate-changing greenhouse gases than oil giants Chevron, Shell and Valero.""",Harry Reid,"July 19, 2016",mostly-true
219,Dan Clark,"""John Faso took money from fossil fuel companies as they tried to take your land by eminent domain for a fracked gas pipeline.""",Zephyr Teachout,"July 18, 2016",half-true
220,Chris Nichols,"""When he served as governor, Schwarzenegger preserved more land than any other gubernatorial administration in California’s history.""",Bonnie Reiss,"July 1, 2016",mostly-true
221,C. Eugene,"""There are tens of thousands of homes right here in California where you turn on the faucet but you can't drink the water.""",Bernie Sanders,Jr. • June,half-true
222,Joshua Gillin,"Says it's not true that Florida black bears are an ""apex predator.""",Stacy White,"June 8, 2016",half-true
223,Jon Greenberg,"In California, ""the windmills are killing hundreds and hundreds of eagles.""",Donald Trump,"May 31, 2016",barely-true
224,Linda Qiu,"""I believe we should have tax on carbon and deal aggressively with climate change. That is not (Hillary Clinton's) position.""",Bernie Sanders,"May 29, 2016",mostly-true
225,Linda Qiu,"""By the time you drink your coffee, an elephant is killed for its ivory tusks.""",Minka Kelly,"May 17, 2016",half-true
226,Cassie Owens,"Says Katie McGinty ""actually agrees with Hillary Clinton and the most liberal wing of the Democrats on everything.""",Pat Toomey,"May 16, 2016",half-true
227,Joshua Gillin,"Under a new federal regulation, it will cost Pinellas County ""$31 million to fix a single ditch.""",David Jolly,"May 9, 2016",barely-true
228,Nadia Pflaum,"Says Sherwin-Williams is ""making lead paint and poisoning people around the world.""",Occupational Knowledge International,"April 26, 2016",half-true
229,Louis Jacobson,"""In last week’s debate, Bernie questioned Hillary’s commitment to fighting climate change because a whopping 0.2 percent of the money given to our campaign has come from employees of oil and gas companies. Not even 2 percent, mind you: 0.2 percent.""",Robby Mook,"April 22, 2016",mostly-true
230,C. Eugene,"""Every bit of plastic that has ever been created still exists.""",Jeff Bridges,Jr. • April,false
231,Linda Qiu,"Says Hillary Clinton supported and continues to ""support fracking.""",Bernie Sanders,"April 13, 2016",mostly-true
232,James B.,"Says Chris Abele ""has had five years and he’s done nothing"" about the Estabrook Dam.",Chris Larson,"• April 1,",false
233,Amy Sherman,"""The EPA has tried to define a puddle or a drainage ditch on your farm to be navigable waters and thus subject to massive environmental regulations.""",Ted Cruz,"March 31, 2016",barely-true
234,James B.,"An image in a Chris Abele TV ad depicts ""wealthy citizens"" who would benefit from a ""lake"" created by the controversial Estabrook Dam.",Chris Abele,"• March 29,",pants-fire
235,Mary McIntyre,"""The [Obama] administration’s regulatory assault on coal-fired energy has put thousands of Americans out of work""",Roy Blunt,"March 16, 2016",barely-true
236,Linda Qiu,"""The Clean Power Plan is something that Sen. Sanders has said he would delay implementing.""",Hillary Clinton,"March 10, 2016",false
237,Linda Qiu,"""We have a higher rate of tested lead in people in Cleveland than in Flint.""",Hillary Clinton,"March 7, 2016",mostly-true
238,Riley Snyder,"Says Donald Trump ""wants to keep big government in charge"" of federally-owned land.",Ted Cruz,"February 23, 2016",mostly-true
239,C. Eugene,"""Not one Republican has the guts to recognize that climate change is real.""",Bernie Sanders,Jr. • February,false
240,Nick Reid,"""We now have more jobs in solar than we do in oil.""",Hillary Clinton,"January 29, 2016",false
241,Filipa Ioannou,"""The Electric Reliability Council of Texas (ERCOT) has estimated that the Obama administration’s Power Plan will cause energy costs in Texas to rise as much as 16 percent per year.""",Lamar Smith,"December 17, 2015",false
242,Louis Jacobson,"""We're practically not allowed to use coal any more. What do we do with our coal? We ship it to China and they spew it in the air.""",Donald Trump,"December 15, 2015",barely-true
243,Tom Kertscher,"Despite attention on global warming, ""fewer Americans carpool today to work than carpooled in 1980"" and ""SUVs have never been a larger proportion of the vehicles being sold in this country.""",George Will,"December 4, 2015",mostly-true
244,Linda Qiu,"Says Ohio Gov. John Kasich ""got lucky with a thing called fracking,"" which ""is why Ohio is doing well.""",Donald Trump,"November 2, 2015",false
245,Joshua Gillin,"""The federal government owns about half of the West, yet it continues to acquire more land.""",Jeb Bush,"October 27, 2015",mostly-true
246,Mark Reynolds,"""In 40 years, 23,000 chemicals came on the market and only four were regulated.""",Sheldon Whitehouse,"October 25, 2015",barely-true
247,Amy Sherman,"To abide by Environmental Protection Agency rules when mining or drilling you have ""to take caution not to disturb bodies of water barely bigger than a puddle.""",Marco Rubio,"October 22, 2015",barely-true
248,Louis Jacobson,"""Fifteen out of the 20 most polluted cities in the world"" are in India and China.",Jim Webb,"October 15, 2015",mostly-true
249,Lauren Carroll,On the Keystone XL pipeline,Hillary Clinton,"October 14, 2015",no-flip
250,James B.,"Says U.S. Sen. Ron Johnson ""led the fight to let polluters release unlimited amounts of carbon pollution and took nearly $225,000 from polluters.""",League of Conservation Voters,"• October 9,",mostly-true
251,Linda Qiu,"Says ""the cascading effects"" of climate change contributed to the rise of ISIS.",Martin O'Malley,"September 23, 2015",mostly-true
252,Tom Kertscher,"The Obama administration’s ""own Environmental Protection Agency"" has said its Clean Power Plan ""will have a marginal impact on climate change.""",Scott Walker,"September 21, 2015",half-true
253,Joshua Gillin,"""There has never been a panther attack in the history of Florida.""",Ron Bergeron,"September 8, 2015",mostly-true
254,Will Cabaniss,""" 'Denali' is the Kenyan word for 'black power.' """,Viral image,"September 3, 2015",pants-fire
255,Lauren Carroll,"The Obama administration is ""proposing to mine another 10 billion tons of Wyoming coal, which would unleash three times more carbon pollution than Obama's Clean Power Plan would even save through 2030.""",Credo Action,"September 1, 2015",barely-true
256,Warren Fiske,"On unemployment rates: ""We have counties in Southwest Virginia that are well into double digits and some that are pushing 20 percent.""",Israel O'Quinn,"August 17, 2015",false
257,W. Gardner,"Austin is ""effectively"" imposing ""a ban on barbecue restaurants.""",Rush Limbaugh,"• August 4,",pants-fire
258,Will Cabaniss,"""In 1947, when I was born, there were about 450,000 lions. In the mid-70s, when my kids were born, there were about 100,000. Today, there are less than 30,000.""",Jack Hanna,"August 3, 2015",mostly-true
259,W. Gardner,"""Obama’s Clean Power Plan ... eliminates coal-fired power plants.""",Robert Henneke,"• July 24,",barely-true
260,Joshua Gillin,"""Florida has reduced its carbon emissions by 20 percent since 2005.""",Gus Bilirakis,"July 7, 2015",mostly-true
261,April Hunt,"Replacing 100,000 old toilets with water-efficient models has saved 2.4 million gallons of water every day.",Metropolitan North Georgia Water Planning District,"July 7, 2015",true
262,Tom Kertscher,"Says Barack Obama told the U.S. Coast Guard Academy ""that the number one threat to the military and the world today is global warming.""",Scott Walker,"June 25, 2015",barely-true
263,April Hunt,"Between 1980 and 2010, water usage in Georgia dropped even as the state’s population grew.",Athens Banner-Herald,"June 24, 2015",true
264,Sarah Hauer,"Says Scott Walker runs a state government that bans ""employees from talking about climate change.""",Forecast the Facts,"June 16, 2015",false
265,Amy Sherman,"""If you care about the environment, we've got record funding.""",Rick Scott,"June 8, 2015",pants-fire
266,Louis Jacobson,"""EPA wants to regulate … the family BBQ.""",Allen West,"March 26, 2015",false
267,Warren Fiske,"""More than 7,000 Americans lost their lives to climate change-fueled events last year.""",Don Beyer,"March 23, 2015",false
268,C. Eugene,"""In an average grocery store, roughly 75 percent of processed foods contain genetically modified organisms, or GMOs.""",Donna Nesselbush,Jr. • March,half-true
269,C. Eugene,"Cigarette butts ""poison babies and small children because of the nicotine in them.""",Karina Wood,Jr. • February,true
270,Lauren Carroll,"""Monarch butterflies are becoming extinct"" because of increased use of crops genetically modified to withstand pesticides.",Peter DeFazio,"February 17, 2015",half-true
271,Jon Greenberg,"""Oil companies can obtain an acre of public land for less than the price of a Big Mac.""",Center for Western Priorities,"February 16, 2015",mostly-true
272,Louis Jacobson,"""A strong majority of Americans support"" the Keystone XL pipeline.",Joni Ernst,"January 20, 2015",mostly-true
273,Louis Jacobson,"Says. Rep. Joe Barton, R-Texas, once said, ""Wind is a finite resource and harnessing it would slow the winds down, which would cause the temperature to go up.""",Facebook posts,"January 15, 2015",barely-true
274,C. Eugene,"""January through November 2014, the year so far, were the hottest first 11 months of any year recorded.""",Sheldon Whitehouse,Jr. • January,true
275,Lauren Carroll,"""Keystone means unlocking the Canadian tar sands.""",Chris Coons,"January 11, 2015",barely-true
276,Jon Greenberg,"Says President Barack Obama's own administration has done five environmental impact assessments of the Keystone XL pipeline, ""all of which have said it would have a minimum impact on the environment.""",John Thune,"January 4, 2015",half-true
277,W. Gardner,"Austin mayoral candidate Steve Adler opposed an injunction to stop a ""company from dumping petrochemicals directly into the Barton Springs aquifer.""",Brad Rockwell,"• November 21,",half-true
278,Katie Sanders,"""The Kochs stand to make around $100 billion if the government approves the Keystone XL pipeline.""",Thom Hartmann,"November 19, 2014",pants-fire
279,Louis Jacobson,"The climate-change agreement between the United States and China ""requires the Chinese to do nothing at all for 16 years.""",Mitch McConnell,"November 19, 2014",barely-true
280,Alex Kuffner,"""Proximity to high-voltage power lines lowers property values by as much as 30 percent.""",Friends of India Point Park,"November 16, 2014",half-true
281,Katie Sanders,"""There would be tens of thousands of jobs created"" if President Barack Obama approved the Keystone XL pipeline.",Anna Kooiman,"November 11, 2014",barely-true
282,James B.,"The proposed mine in northern Wisconsin would be built without any government oversight, and will be nine miles long.",Bob Seger,"• November 10,",false
283,Steve Contorno,"""The only candidate pocketing big money from people who want to destroy coal is Mitch McConnell.""",Alison Lundergan Grimes,"October 8, 2014",false
284,Steve Contorno,"Says Tom Steyer is a ""California billionaire who stands to profit by blocking Keystone"" and ""is spending big to help"" Bruce Braley.",American Crossroads,"September 19, 2014",barely-true
285,Amy Sherman,"Rick Scott took $200,000 from a family that leased land for drilling ""and now he is trying to hide from it.""",NextGen Climate Action Committee,"August 28, 2014",half-true
286,W. Gardner,"Says Ted Cruz ""was just bribed by the Kochs to introduce a bill that would give them and their allies America’s national forests, parks, and other public lands and open them for mining, drilling, fracking and logging.""",Occupy Democrats,"• August 17,",pants-fire
287,Amy Sherman,"Says Rick Scott took $200,000 in campaign contributions from a company that ""profited off pollution.""",NextGen Climate Action Committee,"August 15, 2014",half-true
288,Steve Contorno,"""What (the Obama administration is) going to come out with in the next several months is you're not even going to be able to burn coal very limitedly in the existing plants.""",Shelley Moore Capito,"August 7, 2014",false
289,Lauren Carroll,"""Global warming is a hoax.""",Lenar Whitney,"August 1, 2014",pants-fire
290,Steve Contorno,"""We would create thousands of jobs in Colorado, if the Keystone Pipeline were to be built.""",Cory Gardner,"July 31, 2014",barely-true
291,Linda Qiu,"The United States is the leading nation in the world ""with the highest amount of doubt about the conventional wisdom of climate change.""",Rush Limbaugh,"July 29, 2014",mostly-true
292,Karen Lee,"""The increase in the garbage tax that [Mayor Allan Fung] imposed in Cranston for some people has been as much as $200.""",Kenneth Block,"• July 27,",false
293,C. Eugene,"""Although the governor doubled the beach fees . . . all the money, as we found out, is all going to an out-of-state company. The state isn't even getting the money for that.""",John DePetro,Jr. • July,pants-fire
294,Linda Qiu,"""Without the financial resources provided by hunters to protect habitat and stop poachers, there would be no infrastructure for wildlife management.""",Kendall Jones,"July 11, 2014",false
295,W. Gardner,"Says Greg Abbott ""has lost"" in court ""four times in just the past few days.""",Wendy Davis,"• July 6,",mostly-true
296,Karen Lee,"""There are already more American jobs in the solar industry than in coal mining.""",Sheldon Whitehouse,"• July 6,",true
297,Lauren Carroll,"""Congressman (Tom) Cotton is the only Arkansan in Congress -- Democrat or Republican -- to vote against disaster relief five times.""",Senate Majority PAC,"July 1, 2014",half-true
298,Molly O'Connor,"Says Iowa Senate candidate Joni Ernst ""promises to shut down the Department of Education and abolish the EPA.""",League of Conservation Voters,"June 27, 2014",true
299,Jon Greenberg,"""NASA scientists fudged the numbers to make 1998 the hottest year to overstate the extent of global warming.""",Steve Doocy,"June 25, 2014",pants-fire
300,James B.,"The proposed Gogebic iron ore mine is ""just up the hill"" from the Apostle Islands National Lakeshore caves along Lake Superior.",Al Jazeera America,"• June 23,",false
301,Lauren Carroll,"""It was Dan Sullivan who wrote a bill to cut Alaskans out of those decisions"" about where they can hunt and fish.",Put Alaska First PAC,"June 13, 2014",half-true
302,Warren Fiske,"The Chamber of Commerce says new carbon regulations will kill ""244,000 jobs a year"" and cost average families ""$1,200 a year.""",Ed Gillespie,"June 9, 2014",false
303,Steve Contorno,"New carbon regulations will increase electric bills by ""$17 billion every year"" and ""potentially put an average of 224,000 more people out of work every year.""",John Boehner,"June 2, 2014",false
304,Louis Jacobson,"""Solar panels drain the sun’s energy.""",Chain email,"May 29, 2014",pants-fire
305,Louis Jacobson,"Surface temperatures on Earth ""have stabilized.""",Marco Rubio,"May 27, 2014",barely-true
306,W. Gardner,"Since 2000, Texas has reduced ""harmful pollutants in the air like nitrogen oxide by 62.5 percent, and ozone by 23 percent--a reduction that is 12 percent greater than the national average.""",Rick Perry,"• May 26,",half-true
307,Amy Sherman,"Cap and trade legislation ""was originally a Republican idea.""",Debbie Wasserman Schultz,"May 23, 2014",mostly-true
308,Julie Kliegman,"""Virtually no Republican"" in Washington accepts climate change science.",Jerry Brown,"May 18, 2014",mostly-true
309,Julie Kliegman,"Human activity is not ""causing these dramatic changes to our climate.""",Marco Rubio,"May 13, 2014",false
310,Jon Greenberg,"Americans ""bought into climate change"" in 2004-06, but then most ""began wandering away from this issue.""",Joe Scarborough,"May 13, 2014",half-true
311,James B.,"The proposed Gogebic mine in northern Wisconsin ""could be extended as long as 21 miles.""",Dan Kaufman,"• May 8,",half-true
312,James B.,"A 2013 state law would allow the operator of an iron ore mine in northern Wisconsin to ""fill in pristine streams and ponds with mine waste.""",Dan Kaufman,"• May 8,",mostly-true
313,Jon Greenberg,"""A lot of the problems with forest fires ... is because of bad policy (not to clear out the forests) that was put in place by environmentalists.""",Dana Perino,"May 1, 2014",barely-true
314,Amy Sherman,"Because the EPA closed a lead smelter in Missouri, ""all lead for bullets will have to come from overseas!""",Chain email,"April 25, 2014",pants-fire
315,Jon Greenberg,"The Bundy Ranch deal is all about Nevada Sen. Harry Reid ""using federal violence to take people’s land in his state so he can package it to re-sell it to the Chinese.""",Bloggers,"April 24, 2014",pants-fire
316,Katie Sanders,"""Oklahoma’s Republican Gov. Mary Fallin signed a new law which makes you pay a special fee. It will essentially fine people for the crime of using solar power.""",Rachel Maddow,"April 24, 2014",barely-true
317,Nancy Madsen,"""From 1972 until 2011, the number of EPA employees increased by 107 percent while the number of total federal personnel decreased by 15 percent.""",Morgan Griffith,"April 14, 2014",true
318,Jon Greenberg,"""The Koch brothers are one of the biggest polluters in the country.""",Bob Beckel,"April 9, 2014",true
319,Steve Contorno,"""EPA officials have commended (Koch Industries) for our ‘commitment to a cleaner environment’ and called us ‘a model for other companies.’ """,Charles Koch,"April 4, 2014",barely-true
320,Amy Sherman,"""There are over 100 pipelines between the United States and Canada right now.""",Jeb Bush,"March 26, 2014",barely-true
321,Julie Kliegman,"Says he ""forced Washington to open up the Arctic Ocean to oil drilling.""",Mark Begich,"March 24, 2014",mostly-true
322,Tom Kertscher,"The Republican-controlled Wisconsin Senate approved a bill ""denying veterans the right to recover their medical costs for cancers they developed while serving their country.""",Chris Larson,"March 20, 2014",barely-true
323,Katie Sanders,"Earth ""has not warmed for the last 17 years.""",Patrick Moore,"March 17, 2014",barely-true
324,Dana Tims,"Seneca Jones Timber Co., aiming to increase logging and allay fears that old growth will be cut, says mills have shifted to second-generation trees. An ad from the company asks: ""Do you know that most all mills in Oregon have retooled over the past 20 years?""",Seneca Jones,"March 14, 2014",true
325,Amy Sherman,"""We have invested record funding in protecting our environment.""",Rick Scott,"March 6, 2014",false
326,Steve Contorno,"Says ""Bill Clinton and George Bush both say build the Keystone XL.""",American Petroleum Institute,"March 5, 2014",true
327,Julie Kliegman,"Says Alaska Sen. Mark Begich ""is on record supporting a carbon tax, even pushing Harry Reid to make it a priority.""",Americans for Prosperity,"February 25, 2014",barely-true
328,Dana Tims,"""Oregon and the federal government now have more than one million acres of burnt land and millions of trees are being left to rot.""",Gordon Challstrom,"February 21, 2014",half-true
329,Amy Sherman,On oil drilling off Florida’s coast,Charlie Crist,"February 20, 2014",no-flip
330,Jon Greenberg,"""When the Dallas/Fort Worth Airport needed to stop its earthquake spike a few years ago, they temporarily shut down the wells that were injecting fracking fluid into the ground ... (and) those earthquakes stopped.""",Rachel Maddow,"February 19, 2014",true
331,James B.,"As a result of climate change, ice fishermen in Wisconsin ""are already noticing fewer days they can be out on our ice covered lakes.""",Mark Pocan,"• February 17,",true
332,C. Eugene,"""The Republican leadership in the House has refused to address the issues that matter the most to Rhode Island, such as passing a jobs bill.""",Jonathan Boucher,Jr. • February,pants-fire
333,Tom Kertscher,"""Over 3 million Americans are employed in the growing green-collar workforce,"" which is more than the number ""of people working in the fossil fuel industry.""",Tammy Baldwin,"February 14, 2014",true
334,Joshua Gillin,"""Large parts of Florida"" have experienced ""years of below average rainfall.""",Associated Industries of Florida,"February 13, 2014",half-true
335,Katie Sanders,"A government report shows that alternatives to the Keystone XL pipeline ""are worse"" for the environment.",Ralph Reed,"February 13, 2014",half-true
336,Katie Sanders,"The Keystone pipeline creates ""35 permanent jobs"" after construction, according to a government report.",Van Jones,"February 10, 2014",true
337,Louis Jacobson,"""Over the past eight years, the United States has reduced our total carbon pollution more than any other nation on Earth.""",Barack Obama,"January 28, 2014",half-true
338,Amy Sherman,"""Recently, Florida has successfully reduced the environmental permitting time down to just two days.""",Rick Scott,"January 27, 2014",false
339,C. Eugene,"Deer baiting, planned for Block Island by DEM, is illegal in Rhode Island.",Richard August,Jr. • January,true
340,Jon Greenberg,"""Most of West Virginia is still owned, in excess of 90 percent, by out-of-state interests.""",Bob Kincaid,"January 21, 2014",false
341,Louis Jacobson,"""Only 3 percent of voters 18 to 34 don't believe that climate change is really happening.""",Chris Murphy,"January 15, 2014",true
342,C. Eugene,"""61 percent of non-tea party Republicans actually agree...there is 'solid evidence the earth is warming,' ...[but] 70 percent of tea partiers, contrarily, say there is 'no solid evidence' the earth is warming.""",Sheldon Whitehouse,Jr. • December,mostly-true
343,Louis Jacobson,"""By using a little-known loophole ... Obama minions are allowing Nestle Company to export precious fresh water out of Lake Michigan.""",Bloggers,"December 17, 2013",barely-true
344,W. Gardner,"""The Earth is not warming.""",Barry Smitherman,"• December 13,",pants-fire
345,Amy Sherman,"""Back door gun control is in full effect in the United States"" due to ""Obama’s Environmental Protection Agency.""",Allen West,"December 3, 2013",pants-fire
346,C. Eugene,"In a poll, ""53 percent of young Republican voters . . . under age 35 said that they would describe a climate [change] denier as 'ignorant,' 'out of touch' or 'crazy.'""",Sheldon Whitehouse,Jr. • November,mostly-true
347,Becky Bowers,"""Eighty percent of the antibiotics in this country are fed to livestock.""",Louise Slaughter,"October 15, 2013",mostly-true
348,Ian K.,"Says Oregonians for Food and Shelter ""proudly features board members from Monsanto and Syngenta and the (Oregon) Farm Bureau also receives funding from biotech companies.""",Rick North,"• October 11,",true
349,Amy Sherman,"""Obama has jumped the shark and ordered the ocean closed!""",Tweets,"October 7, 2013",false
350,John Hill,"If sea levels rise six feet due to climate change, Waterplace Park in Providence and Wickford village would be swamped",Grover Fugate,"September 28, 2013",true
351,Amy Sherman,"""Over the past 35 years, Florida families have paid into the (National Flood Insurance Program) over $16 billion, four times more than the amount they have received in claim reimbursements.""",Rick Scott,"September 25, 2013",mostly-true
352,C. Eugene,"""Wind power is the most undependable form of renewable energy.""",James O'Neil,Jr. • September,false
353,Louis Jacobson,"Under the Endangered Species Act, ""only 1 percent of the species that have been listed have actually been delisted.""",Cynthia Lummis,"September 3, 2013",mostly-true
354,Gregory Smith,"Offshore wind power is ""significantly less expensive than solar energy.""",Jeffrey Grybowski,"August 31, 2013",mostly-true
355,Jon Greenberg,"""We are about halfway"" to the president’s goal to cut greenhouse gas emissions and ""about half of that is because of the substitution of natural gas for coal in the power sector.""",Ernest Moniz,"August 30, 2013",mostly-true
356,Tom Kertscher,"Says U.S. Sen. Ron Johnson voted to let oil and gas companies emit ""unlimited carbon pollution into our air""",League of Conservation Voters,"August 29, 2013",true
357,C. Eugene,"""Global surface temperatures have been flat for 16 years.""",Steve Goreham,Jr. • August,half-true
358,Sue Owen,"Says he ""sued Obama’s EPA seven times.""",Barry Smitherman,"August 21, 2013",true
359,Louis Jacobson,"Sen. Marco Rubio ""refuses to accept the basic science"" on climate change and is ""a climate change denier.""",Organizing for Action,"August 16, 2013",mostly-true
360,Caryn Shinske,"""We need to pass a carbon tax to stop climate change. Break up the Wall Street banks. And stop the government spying on innocent Americans. Cory Booker doesn’t support any of these ideas.""",Rush Holt,"August 11, 2013",half-true
361,Eric Stirgus,"Says federal regulations adopted in 2011 increased the cost of each vehicle for his business by $10,000.",Mike Collins,"August 9, 2013",mostly-true
362,C. Eugene,"""For several days in July of 2012, Greenland surface ice cover melted more than at any time in 30 years of satellite observation. During that month, an estimated 97% of the ice sheet thawed.""",Brian Schatz,Jr. • August,half-true
363,Jon Greenberg,"The ""most realistic estimates"" for jobs created by Keystone XL are ""maybe 2,000 jobs during the construction of the pipeline.""",Barack Obama,"July 31, 2013",false
364,Bill Wichert,"""Every single month since 1985 has been warmer than the historic average. All 12 of the warmest years on record have come in the last 15 years.""",Rush Holt,"July 28, 2013",true
365,C. Eugene,"The ocean is now ""much more acidic . . . than it has been for many millions of years.""",Al Gore,Jr. • July,half-true
366,C. Eugene,"The oceans ""have become 30 percent more acidic.""",Sheldon Whitehouse,Jr. • July,mostly-true
367,W. Gardner,"""Texas ranks: #1 in worker deaths, #1 carbon emissions, #50 in high school graduates, #50 in funding for mental health patients.""",Facebook posts,"• July 19,",half-true
368,Amy Sherman,"Miami-Dade has ""the nation’s highest-rated tap water.""",Miami-Dade County,"July 12, 2013",false
369,Tom Feran,"""About 95 percent of (Ohio’s) electricity comes from burning coal.""",John Boehner,"July 5, 2013",half-true
370,Louis Jacobson,"In South Florida, ""we've had nine inches of sea-level rise since the 1920s.""",Debbie Wasserman Schultz,"July 3, 2013",true
371,Louis Jacobson,"Recent record-low water levels in Lake Michigan are evidence that global warming is leading to ""the evaporation of our Great Lakes.""",Richard Durbin,"June 28, 2013",half-true
372,Robert Higgs,Says Delaware County has more waterfront property than any other county in the state of Ohio,Kris Jordan,"June 27, 2013",true
373,Louis Jacobson,"As a student at Occidental College in Los Angeles from 1979 to 1981, ""there were days where folks couldn't go outside. … because of all the pollution in the air.""",Barack Obama,"June 26, 2013",mostly-true
374,C. Eugene,"""RIPTA has really some of the fullest buses for its transit agency size around the country.""",Abel Collins,Jr. • June,mostly-true
375,Nancy Madsen,On oil drilling off Virginia's coast.,Terry McAuliffe,"June 3, 2013",full-flop
376,Janie Har,"Says 
""With nearly 75 percent of Americans supportive of the construction of the pipeline, Schrader needs to explain to Oregon families why he voted against this needed project.""",National Republican Congressional Committee,"June 1, 2013",mostly-true
377,Louis Jacobson,"A bill to advance the Keystone XL Pipeline ""is an earmark"" under House rules.",Alan Grayson,"May 31, 2013",false
378,Tom Kertscher,"""18 percent of our land in our state right now is either federally, state or county owned for conservation purposes.""",Alberta Darling,"May 26, 2013",true
379,Sue Owen,Says he has sued the Obama administration 25 times.,Greg Abbott,"May 10, 2013",true
380,W. Gardner,"""Science has not shown greenhouse gases to be a problem.""",Wayne Smith,"• May 2,",pants-fire
381,Dave Umhoefer,"A recent study of a proposed cap-and-trade policy’s effect on Wisconsin consumers showed it could ""raise gasoline prices by 141 percent and electricity rates by 171 percent"" by 2030.",Ron Johnson,"April 28, 2013",barely-true
382,C. Eugene,"""Narragansett Bay waters are getting warmer -- 4 degrees Fahrenheit warmer in the winter since the 1960s.""",Sheldon Whitehouse,Jr. • April,half-true
383,Caryn Shinske,"""A report by the US General Accountability Office (GAO) in 2008 found that the disposal of Katrina wastes by AshBritt in the south resulted in the creation of contaminated sites along the Gulf Coast and two new Superfund sites in New Orleans.""",Jeff Tittel,"April 7, 2013",pants-fire
384,John Hill,"""Even Roger Williams National Memorial in my home state of Rhode Island attracted nearly 51,000 visitors in 2011, with non local visitors adding more than $3.2 million to the local economy.""",Jack Reed,"March 27, 2013",half-true
385,James B.,"""The hole in the earth that’s going to be dug (for the proposed Gogebic mine) is bigger than my entire district.""",Evan Goyke,"• March 22,",true
386,Sue Owen,Says bag litter increased after San Francisco banned single-use shopping bags.,Drew Springer,"March 20, 2013",barely-true
387,Caryn Shinske,"""DEP has 2,812 employees, the lowest level since the mid-’80s.""",Jeff Tittel,"March 17, 2013",half-true
388,Christian Gaston,"Says, ""I-205, six miles of which runs through my district, already carries more traffic than I-5.""",Jackie Dingfelder,"March 12, 2013",true
389,Charles Pope,"Says ""Did you know that the #KeystoneXL project is expected to create 20,000 American jobs, including more than 800 in Oregon?""",Greg Walden,"February 27, 2013",barely-true
390,Christian Gaston,"Says ""If Oregon’s Legislature simply authorizes $450 million for the CRC, it will … leave Oregon holding the bag for a great deal more cost responsibility.""",Bob Stacey,"February 20, 2013",false
391,Louis Jacobson,"""The 12 hottest years on record have come in the last 15 years.""",Barack Obama,"February 15, 2013",true
392,James B.,"Wisconsin’s laws ""ranked the worst in the world for mining investment.""",Wisconsin Manufacturers and Commerce,"• February 15,",barely-true
393,Molly Moorhead,"""We have doubled the distance our cars will go on a gallon of gas.""",Barack Obama,"February 14, 2013",false
394,W. Gardner,Says Texas ranks first among the states in the amount of carbon dioxide emitted and toxic chemicals released into water.,Sacramento Bee Editorial Board,"• February 13,",half-true
395,C. Eugene,"Tide gauges measuring sea level in Rhode Island since 1930 have risen ""maybe about 10 inches since that time.""",Janet Freedman,Jr. • February,mostly-true
396,Tom Kertscher,"A Republican-sponsored Wisconsin mining bill ""will take at least seven years to create jobs.""",Chris Larson,"January 27, 2013",barely-true
397,Eric Stirgus,"""Wind powers nearly 13 million homes across the country.""",Jennette Gayer,"January 23, 2013",mostly-true
398,W. Gardner,"Says Austin’s treated wastewater, put into the Colorado River, is of higher quality than water the city takes from the lake for public use.",Lee Leffingwell,"• January 21,",half-true
399,Sue Owen,"Says in ""our region,"" 2011 was worst drought year ever recorded.",Kirk Watson,"January 15, 2013",true
400,Nancy Madsen,"There is ""over 20 times more energy"" in a proposed Southside uranium mining site than ""there is in all the oil that’s estimated to be off Virginia’s coast""",Patrick Wales,"January 7, 2013",true
401,Aaron Marshall,"Says ""Detroit dumping a bunch of sewage"" in Lake Erie ""causes big problems"" for Ohio.",John Kasich,"January 7, 2013",half-true
402,Caryn Shinske,"""Hurricane Sandy, the most destructive Atlantic storm ever.""",Environment New Jersey,"January 6, 2013",barely-true
403,C. Eugene,"""In recent years, menhaden numbers along our coast have plummeted by 90 percent.""",Pew Environment Group,Jr. • December,barely-true
404,John Hill,"""We have more people working in clean and green energy than in oil and gas in this country.""",Sheldon Whitehouse,"November 30, 2012",true
405,Tom Feran,"Says that Sherrod Brown is an ""Obama rubber stamp"" for ""supporting the job-killing cap and trade plan.""",Josh Mandel,"November 1, 2012",false
406,Aaron Marshall,"""There is no war on coal. Period. There are more coal jobs and more coal produced in Ohio than there were five years ago, in spite of the talking points and the yard signs.""",Sherrod Brown,"October 31, 2012",true
407,C. Eugene,"""There are more oil rigs in operation in the United States than the rest of the world combined.""",David Cicilline,Jr. • October,false
408,C. Eugene,"""Under the Obama administration, we are drilling and producing more domestic energy supplies than we ever had before.""",James Langevin,Jr. • October,half-true
409,Becky Bowers,"""In one year, (President Obama) provided $90 billion in breaks to the green energy world … into solar and wind, to Solyndra and Fisker and Tesla and Ener1.""",Mitt Romney,"October 5, 2012",false
410,Tom Kertscher,"""We have more natural gas than Saudi Arabia has oil.""",Tommy Thompson,"September 24, 2012",barely-true
411,Sue Owen,"Says Sierra Club sued him to stop oil and gas activity on Texas coast, but ""we won"" and ""the turtles are fine.""",Jerry Patterson,"September 12, 2012",half-true
412,Becky Bowers,"""After 30 years of inaction, we raised fuel standards so that by the middle of the next decade, cars and trucks will go twice as far on a gallon of gas.""",Barack Obama,"September 10, 2012",half-true
413,Reginald Fields,Claims Ohio Gov. John Kasich says climate change is a problem.,Florida Wildlife Federation,"August 29, 2012",true
414,Stephen Koff,"Says that as Massachusetts governor, Mitt Romney ""condemned coal-fired plants, saying they kill people.""",Barack Obama,"August 23, 2012",mostly-true
415,Tom Feran,"Claims Joe Biden said ""coal is more dangerous than terrorists.""",Mitt Romney,"August 17, 2012",barely-true
416,Janie Har,"""This ban will only apply to Oregon commercial fishermen. Washington commercial fishermen would still be allowed to use gillnets on the Columbia River.""",Salmon for All,"August 9, 2012",half-true
417,Tom Mooney,"After the 9/11 terrorist attacks grounded commercial air traffic, ""there was a temperature drop while the airplanes weren't flying, for the week afterwards.""",Michael J. Gardiner,"August 1, 2012",barely-true
418,Dave Umhoefer,"The United States can immediately tap a domestic energy resource of ""more than 1.5 trillion barrels of oil, six times more than Saudi Arabia.""",Eric Hovde,"July 12, 2012",barely-true
419,Dave Umhoefer,"By eliminating the public intervenor’s office, ""I was the first one to fire Kathleen Falk.""",Tommy Thompson,"July 5, 2012",half-true
420,C. Eugene,"""No one in Rhode Island -- not just children, no one in Rhode Island -- should eat more than one serving of freshwater fish caught in our state each month.""",Sheldon Whitehouse,Jr. • July,half-true
421,C. Eugene,"""People who wash cars at home will use approximately 80 percent more water than they do in a car wash.""",Helio Melo,Jr. • July,pants-fire
422,Tom Humphrey,"""(Environmentalists) said ‘We’re only going to stop coal mining above 2,000 feet.’ ... Well guess where all the coal in the state of Tennessee is? Above 2,000 feet.""",Ron Ramsey,"June 30, 2012",false
423,Zack McMillin,"""Three of our cities are among the top five worst cities in the U.S. for asthma.""",Lamar Alexander,"June 24, 2012",true
424,Katie Sanders,"""There’s no wildlife"" in the Arctic National Wildlife Refuge.",Dave Weldon,"June 21, 2012",pants-fire
425,Janie Har,"Says ""Oregon is one of only three states that allow the use of gillnets on inland waters.""",Stop Gillnetting Now,"June 14, 2012",false
426,C. Eugene,"""We came out against Deepwater and everybody is now paying for [the project] in their electric bills.""",Lisa Blais,Jr. • June,barely-true
427,Katie Sanders,"Says he fought for the repeal of a septic tank inspection program after ""Tallahassee pulled a fast one.""",Don Gaetz,"May 24, 2012",barely-true
428,Louis Jacobson,On whether humans contribute to global warming,Mitt Romney,"May 15, 2012",half-flip
429,Becky Bowers,"Says the stimulus bill sent tax credits overseas, such as  ""tens of millions of dollars to build traffic lights in China.""",Americans for Prosperity,"May 3, 2012",barely-true
430,Becky Bowers,"Says the stimulus bill sent tax credits overseas, such as ""half a billion to an electric car company that created hundreds of jobs in Finland.""",Americans for Prosperity,"May 3, 2012",false
431,Becky Bowers,"Says the stimulus bill sent tax credits overseas, such as ""$1.2 billion to a solar company that's building a plant in Mexico.""",Americans for Prosperity,"May 2, 2012",pants-fire
432,C. Eugene,President Obama's refusal to grant permits for offshore drilling is one reason gasoline prices are soaring.,Mike Huckabee,Jr. • April,pants-fire
433,Stephen Koff,"Sherrod Brown opposed blocking a new EPA emissions rule, ""despite acknowledging that the EPA's cap-and-trade regulations are ‘burdensome’ and could harm economic growth in Ohio.""",Josh Mandel,"April 5, 2012",barely-true
434,Molly Moorhead,"""Obama opposed exploring for energy in Alaska.""",American Energy Alliance,"April 2, 2012",half-true
435,Janie Har,"""Every time the weight of that vehicle is reduced by a hundred pounds, your chances of dying are going to go up by about 5 percent. Peel three hundred pounds off – you’re 15 percent more likely to die in that car.""",Lars Larson,"March 29, 2012",barely-true
436,Amy Sherman,"The RESTORE Act started as an ""effort to dedicate as much BP fine money as possible towards Gulf Coast restoration"" but now ""could steer money to places like the Great Lakes and West Coast.""",Marco Rubio,"March 22, 2012",half-true
437,Sabrina Eaton,Says Lake Erie contains more native fish than all the other Great Lakes combined.,Marcy Kaptur,"March 22, 2012",mostly-true
438,Willoughby Mariano,"The Atlanta area’s water planning district ""is now the national leader in conservation.""",Pat Stevens,"March 6, 2012",barely-true
439,Tom Kertscher,"Wisconsin is called the Badger State because ""our ancestors came here with the hopes of living the American dream by mining.""",Scott Walker,"March 5, 2012",true
440,Sue Owen,Says there’s no proven instance where hydraulic fracking has polluted groundwater.,Rick Perry,"February 29, 2012",mostly-true
441,Willoughby Mariano,"""You can’t put a gun rack in a [Chevrolet] Volt.""",Newt Gingrich,"February 24, 2012",false
442,Molly Moorhead,"Says President Barack Obama ""has an Environmental Protection Agency proposal that would raise the price of gasoline by 25 cents a gallon.""",Newt Gingrich,"February 7, 2012",false
443,Janie Har,"In the 2011 legislative session, DEQ's budget was cut 18.5 percent — a disproportionate cut compared to other natural resource agencies.",Oregon Environmental Council-Oregon Business Association,"February 7, 2012",half-true
444,Tom Kertscher,"A proposed mine in Wisconsin is ""about two-thirds the size of Lake Winnebago.""",Penny Bernard Schaber,"January 30, 2012",barely-true
445,Molly Moorhead,Says he eliminated an EPA rule that treated spilled milk like it was oil.,Barack Obama,"January 24, 2012",true
446,Aaron Marshall,"""We never had an earthquake in Youngstown until John Kasich was elected Governor,""",Robert Hagan,"January 24, 2012",half-true
447,Caryn Shinske,"""Many types of fish and shellfish from waters across the state are labeled unsafe to eat.""",James Florio,"January 20, 2012",mostly-true
448,Janie Har,The proposed Keystone XL oil pipeline is a bipartisan proposal.,Rob Cornilles,"January 14, 2012",mostly-true
449,Angie Drobnic,"Says Newt Gingrich ""co-sponsored a bill with Nancy Pelosi that would have given $60 million a year to a U.N. program supporting China’s brutal one-child policy.""",Restore Our Future,"• January 12,",pants-fire
450,Maryalice Gill,"The EPA was asked about an environmental citation for the city landfill in Nashua, N.H. but ""didn’t know"" why it was cited.",Newt Gingrich,"January 8, 2012",mostly-true
451,Tom Kertscher,"Says area near proposed northern Wisconsin iron ore mine is ""15 hours away"" from where public hearing on mining was held.",Kelda Helen Roys,"January 8, 2012",false
452,Alex Kuffner,"""[Renewable energy] projects . . . get us off foreign oil and away, step by step, from these foreign entanglements that we have to get into to defend our oil supply.""",Sheldon Whitehouse,"January 8, 2012",barely-true
453,Molly Moorhead,Says Newt Gingrich aligned with Nancy Pelosi on global warming.,Make Us Great Again,"December 23, 2011",true
454,Sue Owen,Says a trash mound on U.S. 290 is 800 feet tall.,Richard Franklin III,"December 22, 2011",barely-true
455,Molly Moorhead,"Newt Gingrich ""teamed with Nancy Pelosi and Al Gore on global warming.""",Restore Our Future,"December 21, 2011",true
456,Alex Kuffner,"""Hydrogen sulfide . . . [was] used in the genocide of Jews in Germany. """,Michael Chippendale,"December 21, 2011",false
457,Ian K.,Says there have been no cases of wolves killing people in Rocky Mountain states.,Oregon Department of Fish and Wildlife,"• December 16,",true
458,Maryalice Gill,"""In this country … we have more natural gas than Saudi Arabia has oil.""",Jon Huntsman,"December 16, 2011",barely-true
459,Willoughby Mariano,"""The study of the Savannah River Estuary . . . clearly demonstrates the project can be constructed and [environmental] impacts will be mitigated.""",Curtis Foltz,"December 14, 2011",half-true
460,Molly Moorhead,"""I never favored cap and trade.""",Newt Gingrich,"December 7, 2011",false
461,Stephen Koff,"Sen. Sherrod Brown ""has chosen to side with Washington bureaucrats and fringe extremists in the attacks on our natural resources.""",Josh Mandel,"December 7, 2011",pants-fire
462,Angie Drobnic,Says Mitt Romney has said different things about whether global warming is caused by humans,Democratic National Committee,"• November 30,",mostly-true
463,C. Eugene,"In Rhode Island, ""only 5 percent of ozone pollution is from local or in-state sources. . . Ninety-five percent comes from outside of our borders, particularly the Midwest.""",Jack Reed,Jr. • November,half-true
464,Becky Bowers,"Solyndra ""had robots that whistled Disney songs. I'm not kidding.""",Mitt Romney,"November 17, 2011",half-true
465,Amy Sherman,"The United States' regulations ""are among the most difficult in the world.""",Rick Scott,"November 16, 2011",false
466,Louis Jacobson,"Solar and wind energy are ""both cheaper than nuclear right now.""",Bill Clinton,"November 11, 2011",half-true
467,Sabrina Eaton,"""The problem with invasive species today in the Great Lakes isn’t ballast water.""",Steve LaTourette,"November 9, 2011",true
468,Amy Sherman,"The EPA ""wants to hire 230,000 new government regulators that will cost the taxpayer $21 billion.""",Allen West,"November 7, 2011",false
469,Becky Bowers,"Says it wasn't until he and a Senate colleague were able to ""wrangle the actual streaming video"" from BP that scientists were able to calculate the oil spill flow.",Bill Nelson,"October 26, 2011",mostly-true
470,Becky Bowers,"""A Cornell University research study concludes that ethanol generates a 29 percent energy loss, meaning it takes more than a gallon of gasoline to produce a gallon of ethanol.""",Matt Gaetz,"October 19, 2011",mostly-true
471,Eric Stirgus,"""Since 1970, the Clean Air Act has reduced toxic and health-threatening air pollution by 60 percent while our economy has grown more than 200 percent.""",Hank Johnson,"October 19, 2011",mostly-true
472,Janie Har,"Says that ""In 2009, I saved ratepayers around $500 million by persuading the Council to pursue a less expensive compliance mechanism if the City is required to treat Bull Run drinking water.""",Amanda Fritz,"October 11, 2011",mostly-true
473,Willoughby Mariano,"An Environmental Protection Agency regulation that goes into effect Jan. 1, 2012, regulates dust.",Herman Cain,"October 5, 2011",false
474,Charles Pope,"Says ""Every year air pollution protections are delayed, another 34,000 people will die prematurely.""",Earl Blumenauer,"October 3, 2011",mostly-true
475,Janie Har,Says she helped lead the launch of curbside recycling.,Mary Nolan,"October 1, 2011",half-true
476,Eric Stirgus,"""We have had over 40 days this summer where it was unsafe to breathe the air.""",Jennette Gayer,"September 30, 2011",half-true
477,Louis Jacobson,Says Texas wildfires are linked to climate change.,Barack Obama,"September 28, 2011",half-true
478,Caryn Shinske,"""The water quality in the ocean is perfect. It’s been tested up and down every ocean shore in New Jersey.""",Chris Christie,"September 25, 2011",mostly-true
479,Erin O'Neill,"Says ""New Jersey’s $1 billion horse racing industry … employs 13,000 individuals and ensures the preservation of 176,000 acres of horse farmland.""",Raymond Lesniak,"September 22, 2011",half-true
480,Henry J.,"Says that  in the recent year homeowners across Ohio have signed mineral rights agreements ""and I understand that over a billion dollars worth of leases have been signed to date.""",Michael Skindell,"• September 20,",true
481,Bill Wichert,"Says New Jersey is ""losing 50 football fields of open space to development every day and the more we develop upstream the more flooding we have downstream.""",New Jersey Sierra Club,"September 19, 2011",half-true
482,Caryn Shinske,"""Point Pleasant Beach does not own its beaches; they are privately owned and operated by businesses such as Jenkinson’s""",Vincent Barrella,"September 5, 2011",mostly-true
483,Louis Jacobson,"""The United States is the No. 1 country in the world for energy resources. … We are the king daddy dogs when it comes to energy.""",Michele Bachmann,"August 31, 2011",half-true
484,Sabrina Eaton,"Says there’s not ""much evidence to suggest that people have (contributed to global warming) or can do very much to change anything.""",Kevin Coughlin,"August 31, 2011",false
485,Angie Drobnic,"Scientists are ""questioning the original idea that man-made global warming is what is causing the climate to change. … (It is) more and more being put into question.""",Rick Perry,"• August 22,",false
486,Angie Drobnic,"""The weight of the evidence (on global warming) is that most of it, maybe all of it, is because of natural causes ... it’s fair to say the science is in dispute.""",Tim Pawlenty,"• August 14,",false
487,Aaron Marshall,"""You might be surprised to know that 137 billion gallons flows (into Lake Erie) every day. You might be surprised to know that only 86.3 billion gallons flow out. ... Leaving us a net surplus of approximately 50 billion gallons a day.""",Tim Grendell,"August 8, 2011",false
488,Dave Umhoefer,"Says state Sen. Alberta Darling is ""allowing mercury to harm our children"" because she voted against an electronics recycling bill.",Wisconsin Sierra Club,"August 5, 2011",barely-true
489,Tom Kertscher,"""One of the biggest polluters in our country is the Milwaukee Metropolitan Sewerage District.""",Jim Sensenbrenner,"August 3, 2011",false
490,Joe Guillen,"""Fracturing or horizontally fracturing the shale to open up larger pockets of natural gas ... has been used for over 60 years and, as of 2009, over 80,000 wells have been fracked in Ohio.""",Kris Jordan,"July 19, 2011",half-true
491,Aaron Marshall,"""State agencies have not identified one single instance where groundwater has been damaged due to hydraulic fracking.""",Kris Jordan,"July 14, 2011",mostly-true
492,Erin O'Neill,"""One of the reasons that Budweiser stayed in New Jersey is the money they got from RGGI to put solar on their roof to save on their energy costs.""",Jeff Tittel,"July 4, 2011",false
493,Wes Hester,"Phil Puckett ""voted no on sending the EPA a message that they’ve gone too far not once, but twice.""",Republican Party of Virginia,"June 24, 2011",pants-fire
494,Jacob Geiger,On subsidies for ethanol production.,George Allen,"June 22, 2011",full-flop
495,Janie Har,"The Medford Water Commission was fined $279,000 for dumping plain drinking water into a stream.",Doug Whitsett,"June 18, 2011",half-true
496,Richard Salit,"""It’s just crazy that the government will ... make it illegal to use the old [incandescent] bulbs.""",Mike Stenhouse,"June 16, 2011",pants-fire
497,Louis Jacobson,"Says President Barack Obama ""has put (up) a stop sign … against oil drilling, against any kind of exploration offshore or in Alaska.""",Rick Santorum,"June 15, 2011",false
498,Bill Wichert,"""Every year the state loses 8,000-10,000 acres of land in bear country.""",New Jersey Sierra Club,"June 10, 2011",half-true
499,Robert Farley,"Commerce Secretary nominee John Bryson ""appears to endorse world government.""",Anonymous GOP critics,"June 9, 2011",false
500,Ian K.,"Michigan and Massachusetts raised their bottle deposit and ""could no longer afford the program because the redemptions were so high there was no profit in there.""",Jeff Kruse,"• June 6,",pants-fire
501,Janie Har,Increasing the bottle deposit to 10 cents on a case of water bottles could literally double the price of that product in the store.,Matt Wingard,"May 13, 2011",barely-true
502,Ciara O'Rourke,"Benzene has ""never been proven to be harmful.""",Rick Hardcastle,"May 7, 2011",pants-fire
503,Aaron Sharockman,"Says Florida is one of a few or perhaps the only state ""that has a statewide review of local land use and zoning decisions.""",Chris Dorworth,"April 29, 2011",half-true
504,Janie Har,"""A $250 fine if you're caught with a plastic bag coming out of a store. Plastic bag police anyone?""",Victoria Taft,"April 29, 2011",false
505,Richard Salit,"""For every [coyote] they kill, the population will replace and usually multiply.""",Online petition,"April 15, 2011",mostly-true
506,Jacob Geiger,"A cap-and-trade bill would ""destroy over 50,000 jobs in Virginia.""",Robert Hurt,"April 12, 2011",barely-true
507,Willoughby Mariano,"""In three years we could find close to 50 million gallons per day through a toilet replacement program.""",Sally Bethea,"April 4, 2011",mostly-true
508,James B.,Says Supreme Court candidate JoAnne Kloppenburg’s record as a state Justice Department lawyer consists only of the prosecution of cases regarding regulation of docks.,David Prosser,"• April 1,",pants-fire
509,Aaron Sharockman,Says new EPA water regulations would force the state to make drainage canals every bit as clean as pristine Florida river systems.,Free Market Florida,"March 30, 2011",mostly-true
510,Peter Lord,"Woonsocket needs a garbage-burning power plant because ""residents are paying through the nose for electricity that’s fueled by foreign oil, at prices that are skyrocketing.""",Jon Brien,"March 27, 2011",pants-fire
511,Jacob Geiger,"""Not even expensive bottled water, like Perrier and Evian, are of good enough quality to pump out of mines in Southwest Virginia, according to the EPA regulation.""",Morgan Griffith,"March 22, 2011",barely-true
512,Tom Feran,"""Lake Erie supports nearly 10 percent of Ohio's jobs and generates $750 million in state and local taxes.""",Betty Sutton,"March 18, 2011",mostly-true
513,Louis Jacobson,"""Twenty percent of our electricity currently comes from nuclear power plants. I think there are 104 in the United States, two of them around the coast in California.""",Bill Kristol,"March 16, 2011",mostly-true
514,Stephen Koff,"Says that President Obama said in 2008 that his proposed greenhouse gas regulations ""will bankrupt"" anyone who wants to build a new coal-fired power plant.",Ohio Coal Association,"March 14, 2011",mostly-true
515,Louis Jacobson,"A bill that would halt the EPA from regulating greenhouse gases would help ""stop rising gas prices.""",Fred Upton,"March 14, 2011",false
516,Jacob Geiger,"""A new ruling by the EPA would force dairy farmers to comply with the Spill Prevention, Control and Countermeasure Program when dealing with spilt milk -- the same regulations oil and natural gas producers must follow.""",Morgan Griffith,"March 11, 2011",false
517,Trenton Daniel,"""We closed that plant down. It was a $27 million-dollar plant, operating full steam, and we closed it down.""",Frederica Wilson,"March 7, 2011",true
518,Ian K.,Says Oregon recyclers can't recycle plastic bags,Mark Hass,"• March 5,",half-true
519,W. Gardner,"Says broken compact fluorescent light bulbs ""allegedly cause migraines and epilepsy attacks.""",Phyllis Schlafly,"• March 5,",false
520,Louis Jacobson,"Says that in a hearing, Rep. Gabrielle Giffords suggested to Gen. David Petraeus that the Army ""put more emphasis on less environmentally damaging methods, like stabbing or clubbing enemy forces in order to minimize the carbon output.""",Chain email,"March 1, 2011",pants-fire
521,Ian K.,"""Twelve percent of the garbage collected in those SOLV cleanups, by volume, is plastic bags.""",Mark Hass,"• February 26,",mostly-true
522,James B.,"Four state Assembly Democrats ""scored a death blow to northeast Wisconsin’s economy"" by killing hundreds of jobs at a potential Bass Pro Shops near Green Bay.",Scott Suder,"• February 13,",pants-fire
523,Janie Har,A 5-cent charge on paper bags is a tax.,Mark Daniels,"February 13, 2011",false
524,W. Gardner,Says the foreman of the jury that convicted him was a Greenpeace activist.,Tom DeLay,"• February 10,",mostly-true
525,Aaron Marshall,"Says an EPA permit ""languished"" under Strickland but his new EPA director got it done in two days.",John Kasich,"February 7, 2011",barely-true
526,W. Gardner,"Says the Texas Forest Service planted 6,000 trees in the Dallas/Fort Worth area before the Super Bowl for unknown reasons at an unknown cost.",Michael Sullivan,"• February 6,",half-true
527,Louis Jacobson,"Nevada will be ""energy independent within the immediate future.""",Harry Reid,"February 3, 2011",false
528,Jacob Geiger,"""[Tailpipe emissions rules], if fully implemented with all the regulations that go with it, they will keep the temperature from rising nearly five one-hundredths of a degree Fahrenheit. By 2050.""",Ken Cuccinelli,"January 28, 2011",true
529,Aaron Sharockman,Says required state septic inspections would cost septic tank owners $100 to $150 every five years.,Dennis Jones,"January 27, 2011",half-true
530,Angie Drobnic,"""The Interior Department is in charge of salmon while they're in fresh water, but the Commerce Department handles them when they're in saltwater.""",Barack Obama,"• January 26,",mostly-true
531,Peter Lord,"""New England already has access to ample supplies of natural gas.""",Jack Reed,"January 23, 2011",true
532,C. Eugene,"If the Stamp Farm wind turbine is built, the ""health risk of 'flicker' impact created by shadows of blades of turbines poses real and significant health risks, particularly seizures.""",Laurence Ehrhardt,Jr. • January,pants-fire
533,Tom Feran,"""We're worse than a Third World country in terms of water quality and the way we treat our sewage.""",Mike Polensek,"January 4, 2011",half-true
534,Eric Stirgus,"""The Greenest County in America.""",DeKalb County,"January 3, 2011",barely-true
535,Amy Sherman,"""A 5 percent increase in domestic production would increase the world supply by less than 1 percent and do almost nothing to our dependence on foreign oil. This would also have virtually no effect on the price of gas at the pump.""",Debbie Wasserman Schultz,"December 13, 2010",true
536,Willoughby Mariano,"Low-flow toilets ""can cost homeowners up to $1,000 each.""",Elaine Boyer,"December 1, 2010",half-true
537,Edward Fitzpatrick,"""We were one of the first states in the U.S. to build sewers, to bring the treatment plant on line.""",Jamie Samons,"November 28, 2010",true
538,W. Gardner,"""More people hunt and fish in Texas in a given year than attend the... games of the Dallas Cowboys, the Dallas Mavericks, the Houston Texans and the Houston Rockets combined.""",Todd Staples,"• November 25,",true
539,Dave Umhoefer,"Sewer backups into basements caused the ""vast majority of the damage to homes and buildings"" in Milwaukee’s July floods, but federal flood insurance doesn’t cover them.",Jim Bohl,"November 16, 2010",half-true
540,Wes Hester,"Rick Boucher ""helped write"" the cap-and-trade bill",Morgan Griffith,"October 28, 2010",half-true
541,C. Eugene,"Tells David Cicilline, ""94 percent of the carbon emissions which you so want to get rid of are caused by nature.""",John Loughlin,Jr. • October,false
542,James B.,"Says Gov. Jim Doyle and the DNR have not put hunters first and mismanaged the deer herd; as a result ""the deer population has dwindled.""",Scott Walker,"• October 24,",barely-true
543,Janie Har,Says Tom Hughes supports paving over thousands of acres with over-development and sprawl.,Bob Stacey,"October 20, 2010",false
544,Willoughby Mariano,"Said U.S. Rep. Jim Marshall, D-Macon, sent nearly $2 billion overseas to build wind turbines and create jobs, mostly in China",Austin Scott,"October 19, 2010",false
545,John Hill,"Says Christopher Little has ""a history of working against environmental protection by defending the worst types of corporate polluters""",Edwin Pacheco,"October 19, 2010",false
546,Brian Liberatore,"Debbie Jackow ""unlike her opponent ... WILL NOT de-fund the 20/20 land program.""",Debbie Jackow,"October 10, 2010",false
547,Becky Bowers,"""It takes as much energy to make a solar panel as it likely generates in its entire life.""",J.D. Alexander,"September 28, 2010",pants-fire
548,Aaron Sharockman,"""We've got to find 2 billion gallons (of water per day) between now and 2025.""",Adam Putnam,"September 10, 2010",mostly-true
549,Trenton Daniel,"""I’m the only one who's fought against developers draining the Everglades!""",Kendrick Meek,"September 10, 2010",false
550,Louis Jacobson,"Proposed tax changes are a ""handout"" to BP.",National Taxpayers Union,"September 10, 2010",half-true
551,Eric Stirgus,"Georgia's U.S. senators voted for legislation that would ""gut clean air protections and increase oil dependence.""",Stephen Kretzmann,"September 7, 2010",half-true
552,Cary Spivak,"Ron Johnson is ""willing to hand over the Great Lakes to the oil companies.""",Russ Feingold,"September 3, 2010",barely-true
553,Lee Bergquist,"""Since being elected, (Tom Barrett) has dumped 8.2 billion gallons of raw sewage into Lake Michigan.""",Scott Walker,"September 3, 2010",barely-true
554,Robert Higgs,"""The Great Lakes Compact has a loophole. And the loophole is that while you cannot remove the water in a big transport, you can remove it in containers of 5.7 gallons or less.""",Dennis Kucinich,"September 1, 2010",mostly-true
555,Jodie Tillman,"Kathryn Starkey ""only attended half of those meetings.""",Committee to Protect Florida,"August 13, 2010",mostly-true
556,Jodie Tillman,"Kathryn Starkey ""aided and abetted the continued taxation on residents’ properties over 70 percent of the time by seconding motions and voting to keep the millage rate the same.""",Committee to Protect Florida,"August 13, 2010",half-true
557,Jodie Tillman,"Kathryn Starkey ""joined forces with liberal Democrats on a historic sales tax hike.""",Committee to Protect Florida,"August 13, 2010",false
558,Reginald Fields,"""In renewable and advanced energy manufacturing projects, Ohio now ranks first among the 50 states.""",Ted Strickland,"July 30, 2010",half-true
559,Ciara O'Rourke,"""We caught (the Texas Commission on Environmental Quality) lying to us about the results of air quality studies in the Barnett Shale.""",Wendy Davis,"July 25, 2010",half-true
560,Aaron Sharockman,"House Republicans who complained they didn't have enough time to consider a constitutional ban against oil drilling ""shoved through a proposal in just a few days to open state waters to oil drilling.""",Alex Sink,"July 21, 2010",true
561,Louis Jacobson,"Russ Feingold ""voted against the law that protected our lakes"" and ""was the only Great Lakes senator to vote no.""",Ron Johnson,"July 19, 2010",barely-true
562,Robert Farley,"""We had 2 percent of the global market (for advanced batteries) when he (Obama) started. We now have 16 percent, headed to 40 percent by 2015.""",David Axelrod,"July 15, 2010",half-true
563,W. Gardner,"Says Texas has one state inspector for every 4,500 oil and gas wells.",Jeff Weems,"• July 15,",true
564,Martha M.,"On whether BP's $20 billion fund to compensate oil spill victims is ""a slush fund.""",Sharron Angle,"• July 13,",full-flop
565,Eric Stirgus,"""I have a record on the environment of creating green energy ... taking trash and turning it into cash.""",Vernon Jones,"June 30, 2010",mostly-true
566,Alex Holt,"It was President Obama's ""inaction that caused over three weeks to go by before he even approved the governor's plan to protect our marsh.""",Steve Scalise,"June 29, 2010",half-true
567,Alex Holt,"Canada ""does spills into their water to practice in the event that this would happen. That is not allowed in the United States.""",Mary Landrieu,"June 28, 2010",mostly-true
568,Louis Jacobson,"""Sen. George LeMieux voted to let oil companies off the hook and overturn pollution rules.""",Florida Conservation Alliance,"June 25, 2010",half-true
569,Louis Jacobson,"""Every day, oil continues to pour into the Gulf of Mexico. ... Even with disaster on our coast..., Richard Burr voted to let big oil off the hook.""",Americans United for Change,"June 25, 2010",half-true
